file	policy	source_url	original_url	note
Twitter.list	X	https://rawstatic.com/blackmatrix7/ios_rule_script/master/rule/Clash/Twitter/Twitter.list		
Extra_CN_3.list	🎯Direct	https://rawstatic.com/nexitallyy/ProxyRules/main/Extra_CN_3.list		未找到明确公开许可证
GlobalScholar.list	Scholar	https://rawstatic.com/blackmatrix7/ios_rule_script/master/rule/Clash/GlobalScholar/GlobalScholar.list		
myTVSUPER.list	MyTVSuper	https://rawstatic.com/blackmatrix7/ios_rule_script/master/rule/Clash/myTVSUPER/myTVSUPER.list		
Extra_Crypto.list	Crypto	https://rawstatic.com/nexitallyy/ProxyRules/main/Extra_Crypto.list		未找到明确公开许可证
Extra_AI.list	AI	https://rawstatic.com/nexitallyy/ProxyRules/main/Extra_AI.list		未找到明确公开许可证
Google.list	Proxy	https://rawstatic.com/blackmatrix7/ios_rule_script/master/rule/Surge/Google/Google.list	https://raw.githubusercontent.com/DivineEngine/Profiles/master/Surge/Ruleset/Extra/Google/Google.list	原地址已 404，改用 blackmatrix7 对应规则
YouTube.list	Proxy	https://rawstatic.com/blackmatrix7/ios_rule_script/master/rule/Surge/YouTube/YouTube.list	https://raw.githubusercontent.com/DivineEngine/Profiles/master/Surge/Ruleset/StreamingMedia/Video/YouTube.list	原地址已 404，改用 blackmatrix7 对应规则
GameDownload.list	🎯Direct	https://rawstatic.com/blackmatrix7/ios_rule_script/master/rule/Clash/Game/GameDownload/GameDownload.list		
LocalAreaNetwork.list	🎯Direct	https://rawstatic.com/ACL4SSR/ACL4SSR/master/Clash/LocalAreaNetwork.list		
ChinaCompanyIp.list	🎯Direct	https://rawstatic.com/ACL4SSR/ACL4SSR/master/Clash/ChinaCompanyIp.list		
Netflix.list	Netflix	https://rawstatic.com/HotKids/Rules/master/Surge/RULE-SET/Netflix.list		未找到明确公开许可证
Telegram.list	Telegram	https://rawstatic.com/ACL4SSR/ACL4SSR/master/Clash/Telegram.list		
Steam.list	Steam	https://rawstatic.com/blackmatrix7/ios_rule_script/master/rule/Clash/Steam/Steam.list		
Epic.list	Epic	https://rawstatic.com/blackmatrix7/ios_rule_script/master/rule/Clash/Epic/Epic.list		
Xbox.list	Xbox	https://rawstatic.com/blackmatrix7/ios_rule_script/master/rule/Clash/Xbox/Xbox.list		
PlayStation.list	PlayStation	https://rawstatic.com/blackmatrix7/ios_rule_script/master/rule/Surge/PlayStation/PlayStation.list		
HBO_Max.list	HBO	https://rawstatic.com/HotKids/Rules/master/Surge/RULE-SET/HBO_Max.list		未找到明确公开许可证
HBOUSA.list	HBO	https://rawstatic.com/blackmatrix7/ios_rule_script/master/rule/Clash/HBOUSA/HBOUSA.list		
HBOHK.list	HBO	https://rawstatic.com/blackmatrix7/ios_rule_script/master/rule/Clash/HBOHK/HBOHK.list		
DisneyPlus.list	DisneyPlus	https://www.naiixi.com/DisneyPlus.list		未找到明确公开许可证
Bahamut.list	Bahamut	https://rawstatic.com/ACL4SSR/ACL4SSR/master/Clash/Ruleset/Bahamut.list		
Bilibili.list	Bilibili	https://rawstatic.com/HotKids/Rules/master/Surge/RULE-SET/Bilibili.list		未找到明确公开许可证
Microsoft.list	Microsoft	https://rawstatic.com/ACL4SSR/ACL4SSR/master/Clash/Microsoft.list		
Apple.list	Apple	https://rawstatic.com/ACL4SSR/ACL4SSR/master/Clash/Apple.list		
TikTok.list	Tiktok	https://rawstatic.com/blackmatrix7/ios_rule_script/master/rule/Clash/TikTok/TikTok.list		
ProxyLite.list	X	https://rawstatic.com/ACL4SSR/ACL4SSR/master/Clash/ProxyLite.list		
Facebook.list	Proxies	https://rawstatic.com/blackmatrix7/ios_rule_script/master/rule/Clash/Facebook/Facebook.list		
Extra_Proxies.list	Proxies	https://rawstatic.com/nexitallyy/ProxyRules/refs/heads/main/Extra_Proxies.list		未找到明确公开许可证
Extra_CN.list	🎯Direct	https://www.naiixi.com/Extra_CN.list		未找到明确公开许可证
Extra_CN_2.list	🎯Direct	https://www.naiixi.com/Extra_CN_2.list		未找到明确公开许可证
WeChat.list	🎯Direct	https://rawstatic.com/blackmatrix7/ios_rule_script/master/rule/Surge/WeChat/WeChat.list		
